"id","city_id:id","name","code"
res_city_district_10101,l10n_ve_pad.res_city_101,Altagracia,10101
res_city_district_10102,l10n_ve_pad.res_city_101,Candelaria,10102
res_city_district_10103,l10n_ve_pad.res_city_101,Catedral,10103
res_city_district_10104,l10n_ve_pad.res_city_101,La Pastora,10104
res_city_district_10105,l10n_ve_pad.res_city_101,San Agustín,10105
res_city_district_10106,l10n_ve_pad.res_city_101,San José,10106
res_city_district_10107,l10n_ve_pad.res_city_101,San Juan,10107
res_city_district_10108,l10n_ve_pad.res_city_101,Santa Rosalía,10108
res_city_district_10109,l10n_ve_pad.res_city_101,Santa Teresa,10109
res_city_district_10110,l10n_ve_pad.res_city_101,Sucre,10110
res_city_district_10111,l10n_ve_pad.res_city_101,23 De Enero,10111
res_city_district_10112,l10n_ve_pad.res_city_101,Antímano,10112
res_city_district_10113,l10n_ve_pad.res_city_101,El Recreo,10113
res_city_district_10114,l10n_ve_pad.res_city_101,El Valle,10114
res_city_district_10115,l10n_ve_pad.res_city_101,La Vega,10115
res_city_district_10116,l10n_ve_pad.res_city_101,Macarao,10116
res_city_district_10117,l10n_ve_pad.res_city_101,Caricuao,10117
res_city_district_10118,l10n_ve_pad.res_city_101,El Junquito,10118
res_city_district_10119,l10n_ve_pad.res_city_101,Coche,10119
res_city_district_10120,l10n_ve_pad.res_city_101,San Pedro,10120
res_city_district_10121,l10n_ve_pad.res_city_101,San Bernardino,10121
res_city_district_10122,l10n_ve_pad.res_city_101,El Paraíso,10122
res_city_district_20101,l10n_ve_pad.res_city_201,Anaco,20101
res_city_district_20102,l10n_ve_pad.res_city_201,San Joaquín,20102
res_city_district_20201,l10n_ve_pad.res_city_202,Aragua,20201
res_city_district_20202,l10n_ve_pad.res_city_202,Cachipo,20202
res_city_district_20301,l10n_ve_pad.res_city_203,El Carmen,20301
res_city_district_20302,l10n_ve_pad.res_city_203,San Cristóbal,20302
res_city_district_20303,l10n_ve_pad.res_city_203,Bergantín,20303
res_city_district_20304,l10n_ve_pad.res_city_203,Caigua,20304
res_city_district_20305,l10n_ve_pad.res_city_203,El Pilar,20305
res_city_district_20306,l10n_ve_pad.res_city_203,Naricual,20306
res_city_district_20401,l10n_ve_pad.res_city_204,Clarines,20401
res_city_district_20402,l10n_ve_pad.res_city_204,Guanape,20402
res_city_district_20403,l10n_ve_pad.res_city_204,Sabana De Uchire,20403
res_city_district_20501,l10n_ve_pad.res_city_205,Onoto,20501
res_city_district_20502,l10n_ve_pad.res_city_205,San Pablo,20502
res_city_district_20601,l10n_ve_pad.res_city_206,Cantaura,20601
res_city_district_20602,l10n_ve_pad.res_city_206,Libertador,20602
res_city_district_20603,l10n_ve_pad.res_city_206,Santa Rosa,20603
res_city_district_20604,l10n_ve_pad.res_city_206,Urica,20604
res_city_district_20701,l10n_ve_pad.res_city_207,Soledad,20701
res_city_district_20702,l10n_ve_pad.res_city_207,Mamo,20702
res_city_district_20801,l10n_ve_pad.res_city_208,San Mateo,20801
res_city_district_20802,l10n_ve_pad.res_city_208,El Carito,20802
res_city_district_20803,l10n_ve_pad.res_city_208,Santa Inés,20803
res_city_district_20804,l10n_ve_pad.res_city_208,La Romereña,20804
res_city_district_20901,l10n_ve_pad.res_city_209,Pariaguán,20901
res_city_district_20902,l10n_ve_pad.res_city_209,Atapirire,20902
res_city_district_20903,l10n_ve_pad.res_city_209,Boca Del Pao,20903
res_city_district_20904,l10n_ve_pad.res_city_209,El Pao,20904
res_city_district_21001,l10n_ve_pad.res_city_210,Mapire,21001
res_city_district_21002,l10n_ve_pad.res_city_210,Piar,21002
res_city_district_21003,l10n_ve_pad.res_city_210,San Diego De Cabrutica,21003
res_city_district_21004,l10n_ve_pad.res_city_210,Santa Clara,21004
res_city_district_21005,l10n_ve_pad.res_city_210,Uverito,21005
res_city_district_21006,l10n_ve_pad.res_city_210,Zuata,21006
res_city_district_21101,l10n_ve_pad.res_city_211,Puerto Píritu,21101
res_city_district_21102,l10n_ve_pad.res_city_211,San Miguel,21102
res_city_district_21103,l10n_ve_pad.res_city_211,Sucre,21103
res_city_district_21201,l10n_ve_pad.res_city_212,Edmundo Barrios,21201
res_city_district_21202,l10n_ve_pad.res_city_212,Miguel Otero Silva,21202
res_city_district_21301,l10n_ve_pad.res_city_213,Pozuelos,21301
res_city_district_21302,l10n_ve_pad.res_city_213,Puerto La Cruz,21302
res_city_district_21401,l10n_ve_pad.res_city_214,San José De Guanipa,21401
res_city_district_21501,l10n_ve_pad.res_city_215,Guanta,21501
res_city_district_21502,l10n_ve_pad.res_city_215,Chorrerón,21502
res_city_district_21601,l10n_ve_pad.res_city_216,Píritu,21601
res_city_district_21602,l10n_ve_pad.res_city_216,San Francisco,21602
res_city_district_21701,l10n_ve_pad.res_city_217,Lecherías,21701
res_city_district_21702,l10n_ve_pad.res_city_217,El Morro,21702
res_city_district_21801,l10n_ve_pad.res_city_218,Valle De Guanape,21801
res_city_district_21802,l10n_ve_pad.res_city_218,Santa Bárbara,21802
res_city_district_21901,l10n_ve_pad.res_city_219,Santa  Ana,21901
res_city_district_21902,l10n_ve_pad.res_city_219,Pueblo Nuevo,21902
res_city_district_22001,l10n_ve_pad.res_city_220,El Chaparro,22001
res_city_district_22002,l10n_ve_pad.res_city_220,Tomás Alfaro,22002
res_city_district_22003,l10n_ve_pad.res_city_220,Calatrava,22003
res_city_district_22101,l10n_ve_pad.res_city_221,Boca De Uchire,22101
res_city_district_22102,l10n_ve_pad.res_city_221,Boca De Chávez,22102
res_city_district_30101,l10n_ve_pad.res_city_301,Fernándo Girón Tovar,30101
res_city_district_30102,l10n_ve_pad.res_city_301,Luis Alberto Gómez,30102
res_city_district_30103,l10n_ve_pad.res_city_301,Parhueña,30103
res_city_district_30104,l10n_ve_pad.res_city_301,Platanillal,30104
res_city_district_30201,l10n_ve_pad.res_city_302,Atabapo,30201
res_city_district_30202,l10n_ve_pad.res_city_302,Ucata Laja Lisa,30202
res_city_district_30203,l10n_ve_pad.res_city_302,Yapacana Macuruco,30203
res_city_district_30204,l10n_ve_pad.res_city_302,Caname Guarinuma,30204
res_city_district_30301,l10n_ve_pad.res_city_303,Maroa,30301
res_city_district_30302,l10n_ve_pad.res_city_303,Victorino,30302
res_city_district_30303,l10n_ve_pad.res_city_303,Comunidad,30303
res_city_district_30401,l10n_ve_pad.res_city_304,Casiquiare,30401
res_city_district_30402,l10n_ve_pad.res_city_304,Cocuy,30402
res_city_district_30403,l10n_ve_pad.res_city_304,San Carlos De Río Negro,30403
res_city_district_30404,l10n_ve_pad.res_city_304,Solano,30404
res_city_district_30501,l10n_ve_pad.res_city_305,Samariapo,30501
res_city_district_30502,l10n_ve_pad.res_city_305,Sipapo,30502
res_city_district_30503,l10n_ve_pad.res_city_305,Munduapo,30503
res_city_district_30504,l10n_ve_pad.res_city_305,Guayapo,30504
res_city_district_30505,l10n_ve_pad.res_city_305,Isla Ratón,30505
res_city_district_30601,l10n_ve_pad.res_city_306,Manapiare,30601
res_city_district_30602,l10n_ve_pad.res_city_306,Alto Ventuari,30602
res_city_district_30603,l10n_ve_pad.res_city_306,Medio Ventuari,30603
res_city_district_30604,l10n_ve_pad.res_city_306,Bajo Ventuari,30604
res_city_district_30701,l10n_ve_pad.res_city_307,Alto Orinoco,30701
res_city_district_30702,l10n_ve_pad.res_city_307,Huachamacare Acanaña,30702
res_city_district_30703,l10n_ve_pad.res_city_307,Marawaka Toky Shamanaña,30703
res_city_district_30704,l10n_ve_pad.res_city_307,Mavaca,30704
res_city_district_30705,l10n_ve_pad.res_city_307,Sierra Parima,30705
res_city_district_40101,l10n_ve_pad.res_city_401,Achaguas,40101
res_city_district_40102,l10n_ve_pad.res_city_401,Apurito,40102
res_city_district_40103,l10n_ve_pad.res_city_401,El Yagual,40103
res_city_district_40104,l10n_ve_pad.res_city_401,Guachara,40104
res_city_district_40105,l10n_ve_pad.res_city_401,Mucuritas,40105
res_city_district_40106,l10n_ve_pad.res_city_401,Queseras Del Medio,40106
res_city_district_40201,l10n_ve_pad.res_city_402,Bruzual,40201
res_city_district_40202,l10n_ve_pad.res_city_402,Mantecal,40202
res_city_district_40203,l10n_ve_pad.res_city_402,Quintero,40203
res_city_district_40204,l10n_ve_pad.res_city_402,Rincón Hondo,40204
res_city_district_40205,l10n_ve_pad.res_city_402,San Vicente,40205
res_city_district_40301,l10n_ve_pad.res_city_403,Guasdualito,40301
res_city_district_40302,l10n_ve_pad.res_city_403,Aramendi,40302
res_city_district_40303,l10n_ve_pad.res_city_403,El Amparo,40303
res_city_district_40304,l10n_ve_pad.res_city_403,San Camilo,40304
res_city_district_40305,l10n_ve_pad.res_city_403,Urdaneta,40305
res_city_district_40401,l10n_ve_pad.res_city_404,San Juan De Payara,40401
res_city_district_40402,l10n_ve_pad.res_city_404,Codazzi,40402
res_city_district_40403,l10n_ve_pad.res_city_404,Cunaviche,40403
res_city_district_40501,l10n_ve_pad.res_city_405,Elorza,40501
res_city_district_40502,l10n_ve_pad.res_city_405,La Trinidad,40502
res_city_district_40601,l10n_ve_pad.res_city_406,San Fernando De Apure,40601
res_city_district_40602,l10n_ve_pad.res_city_406,Peñalver,40602
res_city_district_40603,l10n_ve_pad.res_city_406,El Recreo,40603
res_city_district_40604,l10n_ve_pad.res_city_406,San Rafael De Atamaica,40604
res_city_district_40701,l10n_ve_pad.res_city_407,Biruaca,40701
res_city_district_50101,l10n_ve_pad.res_city_501,Las Delicias,50101
res_city_district_50102,l10n_ve_pad.res_city_501,Choroní,50102
res_city_district_50103,l10n_ve_pad.res_city_501,Madre María De San José,50103
res_city_district_50104,l10n_ve_pad.res_city_501,Joaquín Crespo,50104
res_city_district_50105,l10n_ve_pad.res_city_501,Pedro José Ovalles,50105
res_city_district_50106,l10n_ve_pad.res_city_501,José Casanova Godoy,50106
res_city_district_50107,l10n_ve_pad.res_city_501,Andrés Eloy Blanco,50107
res_city_district_50108,l10n_ve_pad.res_city_501,Los Tacariguas,50108
res_city_district_50201,l10n_ve_pad.res_city_502,Santiago Mariño,50201
res_city_district_50202,l10n_ve_pad.res_city_502,Samán De Güere,50202
res_city_district_50203,l10n_ve_pad.res_city_502,Alfredo Pacheco Miranda,50203
res_city_district_50204,l10n_ve_pad.res_city_502,Chuao,50204
res_city_district_50205,l10n_ve_pad.res_city_502,Arévalo Aponte,50205
res_city_district_50301,l10n_ve_pad.res_city_503,José Félix Ribas,50301
res_city_district_50302,l10n_ve_pad.res_city_503,Zuata,50302
res_city_district_50303,l10n_ve_pad.res_city_503,Pao De Zárate,50303
res_city_district_50304,l10n_ve_pad.res_city_503,Castor Nieves Ríos,50304
res_city_district_50305,l10n_ve_pad.res_city_503,Las Guacamayas,50305
res_city_district_50401,l10n_ve_pad.res_city_504,San Casimiro,50401
res_city_district_50402,l10n_ve_pad.res_city_504,Valle Morín,50402
res_city_district_50403,l10n_ve_pad.res_city_504,Güiripa,50403
res_city_district_50404,l10n_ve_pad.res_city_504,Ollas De Caramacate,50404
res_city_district_50501,l10n_ve_pad.res_city_505,San Sebastián,50501
res_city_district_50601,l10n_ve_pad.res_city_506,Sucre,50601
res_city_district_50602,l10n_ve_pad.res_city_506,Bella Vista,50602
res_city_district_50701,l10n_ve_pad.res_city_507,Urdaneta,50701
res_city_district_50702,l10n_ve_pad.res_city_507,San Francisco De Cara,50702
res_city_district_50703,l10n_ve_pad.res_city_507,Taguay,50703
res_city_district_50704,l10n_ve_pad.res_city_507,Las Peñitas,50704
res_city_district_50801,l10n_ve_pad.res_city_508,Zamora,50801
res_city_district_50802,l10n_ve_pad.res_city_508,Magdaleno,50802
res_city_district_50803,l10n_ve_pad.res_city_508,San Francisco De Asís,50803
res_city_district_50804,l10n_ve_pad.res_city_508,Valles De Tucutunemo,50804
res_city_district_50805,l10n_ve_pad.res_city_508,Augusto Mijares,50805
res_city_district_50901,l10n_ve_pad.res_city_509,Libertador,50901
res_city_district_50902,l10n_ve_pad.res_city_509,San Martín De Porres,50902
res_city_district_51001,l10n_ve_pad.res_city_510,Santa Cruz,51001
res_city_district_51101,l10n_ve_pad.res_city_511,Bolívar,51101
res_city_district_51201,l10n_ve_pad.res_city_512,Santos Michelena,51201
res_city_district_51202,l10n_ve_pad.res_city_512,Tiara,51202
res_city_district_51301,l10n_ve_pad.res_city_513,Mario Briceño Iragorry,51301
res_city_district_51302,l10n_ve_pad.res_city_513,Caña De Azúcar,51302
res_city_district_51401,l10n_ve_pad.res_city_514,Tovar,51401
res_city_district_51501,l10n_ve_pad.res_city_515,Camatagua,51501
res_city_district_51502,l10n_ve_pad.res_city_515,No Urbana Carmen De Cura,51502
res_city_district_51601,l10n_ve_pad.res_city_516,José Rafael Revenga,51601
res_city_district_51701,l10n_ve_pad.res_city_517,Santa Rita,51701
res_city_district_51702,l10n_ve_pad.res_city_517,Francisco De Miranda,51702
res_city_district_51703,l10n_ve_pad.res_city_517,Monseñor Feliciano González,51703
res_city_district_51801,l10n_ve_pad.res_city_518,Ocumare De La Costa De Oro,51801
res_city_district_60101,l10n_ve_pad.res_city_601,Arismendi,60101
res_city_district_60102,l10n_ve_pad.res_city_601,Guadarrama,60102
res_city_district_60103,l10n_ve_pad.res_city_601,La Unión,60103
res_city_district_60104,l10n_ve_pad.res_city_601,San Antonio,60104
res_city_district_60201,l10n_ve_pad.res_city_602,Alfredo Arvelo Larriva,60201
res_city_district_60202,l10n_ve_pad.res_city_602,Barinas,60202
res_city_district_60203,l10n_ve_pad.res_city_602,San Silvestre,60203
res_city_district_60204,l10n_ve_pad.res_city_602,Santa Inés,60204
res_city_district_60205,l10n_ve_pad.res_city_602,Santa Lucía,60205
res_city_district_60206,l10n_ve_pad.res_city_602,Torunos,60206
res_city_district_60207,l10n_ve_pad.res_city_602,El Carmen,60207
res_city_district_60208,l10n_ve_pad.res_city_602,Rómulo Betancourt,60208
res_city_district_60209,l10n_ve_pad.res_city_602,Corazón De Jesús,60209
res_city_district_60210,l10n_ve_pad.res_city_602,Ramón Ignacio Méndez,60210
res_city_district_60211,l10n_ve_pad.res_city_602,Alto Barinas,60211
res_city_district_60212,l10n_ve_pad.res_city_602,Manuel Palacio Fajardo,60212
res_city_district_60213,l10n_ve_pad.res_city_602,Juan Antonio Rodríguez Domínguez,60213
res_city_district_60214,l10n_ve_pad.res_city_602,Dominga Ortiz De Páez,60214
res_city_district_60301,l10n_ve_pad.res_city_603,Altamira,60301
res_city_district_60302,l10n_ve_pad.res_city_603,Barinitas,60302
res_city_district_60303,l10n_ve_pad.res_city_603,Calderas,60303
res_city_district_60401,l10n_ve_pad.res_city_604,Santa Bárbara,60401
res_city_district_60402,l10n_ve_pad.res_city_604,José Ignacio Del Pumar,60402
res_city_district_60403,l10n_ve_pad.res_city_604,Ramón Ignacio Méndez,60403
res_city_district_60404,l10n_ve_pad.res_city_604,Pedro Briceño Méndez,60404
res_city_district_60501,l10n_ve_pad.res_city_605,El Real,60501
res_city_district_60502,l10n_ve_pad.res_city_605,La Luz,60502
res_city_district_60503,l10n_ve_pad.res_city_605,Obispos,60503
res_city_district_60504,l10n_ve_pad.res_city_605,Los Guasimitos,60504
res_city_district_60601,l10n_ve_pad.res_city_606,Ciudad Bolivia,60601
res_city_district_60602,l10n_ve_pad.res_city_606,Ignacio Briceño,60602
res_city_district_60603,l10n_ve_pad.res_city_606,Páez,60603
res_city_district_60604,l10n_ve_pad.res_city_606,José Félix Ribas,60604
res_city_district_60701,l10n_ve_pad.res_city_607,Dolores,60701
res_city_district_60702,l10n_ve_pad.res_city_607,Libertad,60702
res_city_district_60703,l10n_ve_pad.res_city_607,Palacios Fajardo,60703
res_city_district_60704,l10n_ve_pad.res_city_607,Santa Rosa,60704
res_city_district_60801,l10n_ve_pad.res_city_608,Ciudad De Nutrias,60801
res_city_district_60802,l10n_ve_pad.res_city_608,El Regalo,60802
res_city_district_60803,l10n_ve_pad.res_city_608,Puerto De Nutrias,60803
res_city_district_60804,l10n_ve_pad.res_city_608,Santa Catalina,60804
res_city_district_60901,l10n_ve_pad.res_city_609,Rodríguez Domínguez,60901
res_city_district_60902,l10n_ve_pad.res_city_609,Sabaneta,60902
res_city_district_61001,l10n_ve_pad.res_city_610,Ticoporo,61001
res_city_district_61002,l10n_ve_pad.res_city_610,Nicolás Pulido,61002
res_city_district_61003,l10n_ve_pad.res_city_610,Andrés Bello,61003
res_city_district_61101,l10n_ve_pad.res_city_611,Barrancas,61101
res_city_district_61102,l10n_ve_pad.res_city_611,El Socorro,61102
res_city_district_61103,l10n_ve_pad.res_city_611,Masparrito,61103
res_city_district_61201,l10n_ve_pad.res_city_612,El Cantón,61201
res_city_district_61202,l10n_ve_pad.res_city_612,Santa Cruz De Guacas,61202
res_city_district_61203,l10n_ve_pad.res_city_612,Puerto Vivas,61203
res_city_district_70101,l10n_ve_pad.res_city_701,Simón Bolívar,70101
res_city_district_70102,l10n_ve_pad.res_city_701,Once De Abril,70102
res_city_district_70103,l10n_ve_pad.res_city_701,Vista Al Sol,70103
res_city_district_70104,l10n_ve_pad.res_city_701,Chirica,70104
res_city_district_70105,l10n_ve_pad.res_city_701,Dalla Costa,70105
res_city_district_70106,l10n_ve_pad.res_city_701,Cachamay,70106
res_city_district_70107,l10n_ve_pad.res_city_701,Universidad,70107
res_city_district_70108,l10n_ve_pad.res_city_701,Unare,70108
res_city_district_70109,l10n_ve_pad.res_city_701,Yocoima,70109
res_city_district_70110,l10n_ve_pad.res_city_701,Pozo Verde,70110
res_city_district_70201,l10n_ve_pad.res_city_702,Sección Capital Cedeño,70201
res_city_district_70202,l10n_ve_pad.res_city_702,Ascensión Farreras,70202
res_city_district_70203,l10n_ve_pad.res_city_702,Altagracia,70203
res_city_district_70204,l10n_ve_pad.res_city_702,La Urbana,70204
res_city_district_70205,l10n_ve_pad.res_city_702,Guaniamo,70205
res_city_district_70206,l10n_ve_pad.res_city_702,Pijiguaos,70206
res_city_district_70301,l10n_ve_pad.res_city_703,Catedral,70301
res_city_district_70302,l10n_ve_pad.res_city_703,Agua Salada,70302
res_city_district_70303,l10n_ve_pad.res_city_703,La Sabanita,70303
res_city_district_70304,l10n_ve_pad.res_city_703,Vista Hermosa,70304
res_city_district_70305,l10n_ve_pad.res_city_703,Marhuanta,70305
res_city_district_70306,l10n_ve_pad.res_city_703,José Antonio Páez,70306
res_city_district_70307,l10n_ve_pad.res_city_703,Orinoco,70307
res_city_district_70308,l10n_ve_pad.res_city_703,Panapana,70308
res_city_district_70309,l10n_ve_pad.res_city_703,Zea,70309
res_city_district_70401,l10n_ve_pad.res_city_704,Sección Capital Piar,70401
res_city_district_70402,l10n_ve_pad.res_city_704,Andrés Eloy Blanco,70402
res_city_district_70403,l10n_ve_pad.res_city_704,Pedro Cova,70403
res_city_district_70501,l10n_ve_pad.res_city_705,Sección Capital Roscio,70501
res_city_district_70502,l10n_ve_pad.res_city_705,Salom,70502
res_city_district_70601,l10n_ve_pad.res_city_706,Sección Capital Sucre,70601
res_city_district_70602,l10n_ve_pad.res_city_706,Aripao,70602
res_city_district_70603,l10n_ve_pad.res_city_706,Las Majadas,70603
res_city_district_70604,l10n_ve_pad.res_city_706,Moitaco,70604
res_city_district_70605,l10n_ve_pad.res_city_706,Guarataro,70605
res_city_district_70701,l10n_ve_pad.res_city_707,Sección Capital Sifontes,70701
res_city_district_70702,l10n_ve_pad.res_city_707,Dalla Costa,70702
res_city_district_70703,l10n_ve_pad.res_city_707,San Isidro,70703
res_city_district_70801,l10n_ve_pad.res_city_708,Sección Capital Raúl Leoni,70801
res_city_district_70802,l10n_ve_pad.res_city_708,San Francisco,70802
res_city_district_70803,l10n_ve_pad.res_city_708,Barceloneta,70803
res_city_district_70804,l10n_ve_pad.res_city_708,Santa Bárbara,70804
res_city_district_70901,l10n_ve_pad.res_city_709,Sección Capital Gran Sabana,70901
res_city_district_70902,l10n_ve_pad.res_city_709,Ikabarú,70902
res_city_district_71001,l10n_ve_pad.res_city_710,El Callao,71001
res_city_district_71101,l10n_ve_pad.res_city_711,Padre Pedro Chien,71101
res_city_district_80101,l10n_ve_pad.res_city_801,Bejuma,80101
res_city_district_80102,l10n_ve_pad.res_city_801,Canoabo,80102
res_city_district_80103,l10n_ve_pad.res_city_801,Simón Bolívar,80103
res_city_district_80201,l10n_ve_pad.res_city_802,Güigüe,80201
res_city_district_80202,l10n_ve_pad.res_city_802,Belén,80202
res_city_district_80203,l10n_ve_pad.res_city_802,Tacarigua,80203
res_city_district_80301,l10n_ve_pad.res_city_803,Mariara,80301
res_city_district_80302,l10n_ve_pad.res_city_803,Aguas Calientes,80302
res_city_district_80401,l10n_ve_pad.res_city_804,Guacara,80401
res_city_district_80402,l10n_ve_pad.res_city_804,Ciudad Alianza,80402
res_city_district_80403,l10n_ve_pad.res_city_804,Yagua,80403
res_city_district_80501,l10n_ve_pad.res_city_805,Montalbán,80501
res_city_district_80601,l10n_ve_pad.res_city_806,Morón,80601
res_city_district_80602,l10n_ve_pad.res_city_806,Urama,80602
res_city_district_80701,l10n_ve_pad.res_city_807,Democracia,80701
res_city_district_80702,l10n_ve_pad.res_city_807,Fraternidad,80702
res_city_district_80703,l10n_ve_pad.res_city_807,Goaigoaza,80703
res_city_district_80704,l10n_ve_pad.res_city_807,Juan José Flores,80704
res_city_district_80705,l10n_ve_pad.res_city_807,Bartolomé Salom,80705
res_city_district_80706,l10n_ve_pad.res_city_807,Unión,80706
res_city_district_80707,l10n_ve_pad.res_city_807,Borburata,80707
res_city_district_80708,l10n_ve_pad.res_city_807,Patanemo,80708
res_city_district_80801,l10n_ve_pad.res_city_808,San Joaquín,80801
res_city_district_80901,l10n_ve_pad.res_city_809,Candelaria,80901
res_city_district_80902,l10n_ve_pad.res_city_809,Catedral,80902
res_city_district_80903,l10n_ve_pad.res_city_809,El Socorro,80903
res_city_district_80904,l10n_ve_pad.res_city_809,Miguel Peña,80904
res_city_district_80905,l10n_ve_pad.res_city_809,San Blas,80905
res_city_district_80906,l10n_ve_pad.res_city_809,San José,80906
res_city_district_80907,l10n_ve_pad.res_city_809,Santa Rosa,80907
res_city_district_80908,l10n_ve_pad.res_city_809,Rafael Urdaneta,80908
res_city_district_80909,l10n_ve_pad.res_city_809,Negro Primero,80909
res_city_district_81001,l10n_ve_pad.res_city_810,Miranda,81001
res_city_district_81101,l10n_ve_pad.res_city_811,Los Guayos,81101
res_city_district_81201,l10n_ve_pad.res_city_812,Naguanagua,81201
res_city_district_81301,l10n_ve_pad.res_city_813,San Diego,81301
res_city_district_81401,l10n_ve_pad.res_city_814,Tocuyito,81401
res_city_district_81402,l10n_ve_pad.res_city_814,Independencia,81402
res_city_district_90101,l10n_ve_pad.res_city_901,Cojedes,90101
res_city_district_90102,l10n_ve_pad.res_city_901,Juan De Mata Suárez,90102
res_city_district_90201,l10n_ve_pad.res_city_902,Tinaquillo,90201
res_city_district_90301,l10n_ve_pad.res_city_903,El Baúl,90301
res_city_district_90302,l10n_ve_pad.res_city_903,Sucre,90302
res_city_district_90401,l10n_ve_pad.res_city_904,El Pao,90401
res_city_district_90501,l10n_ve_pad.res_city_905,Libertad De Cojedes,90501
res_city_district_90502,l10n_ve_pad.res_city_905,El Amparo,90502
res_city_district_90601,l10n_ve_pad.res_city_906,San Carlos De Austria,90601
res_city_district_90602,l10n_ve_pad.res_city_906,Juan Angel Bravo,90602
res_city_district_90603,l10n_ve_pad.res_city_906,Manuel Manrique,90603
res_city_district_90701,l10n_ve_pad.res_city_907,General En Jefe José Laurencio Silva,90701
res_city_district_90801,l10n_ve_pad.res_city_908,Macapo,90801
res_city_district_90802,l10n_ve_pad.res_city_908,La Aguadita,90802
res_city_district_90901,l10n_ve_pad.res_city_909,Rómulo Gallegos,90901
res_city_district_100101,l10n_ve_pad.res_city_1001,San Juan De Los Cayos,100101
res_city_district_100102,l10n_ve_pad.res_city_1001,Capadare,100102
res_city_district_100103,l10n_ve_pad.res_city_1001,La Pastora,100103
res_city_district_100104,l10n_ve_pad.res_city_1001,Libertador,100104
res_city_district_100201,l10n_ve_pad.res_city_1002,San Luis,100201
res_city_district_100202,l10n_ve_pad.res_city_1002,Aracua,100202
res_city_district_100203,l10n_ve_pad.res_city_1002,La Peña,100203
res_city_district_100301,l10n_ve_pad.res_city_1003,Capatárida,100301
res_city_district_100302,l10n_ve_pad.res_city_1003,Borojó,100302
res_city_district_100303,l10n_ve_pad.res_city_1003,Seque,100303
res_city_district_100304,l10n_ve_pad.res_city_1003,Zazárida,100304
res_city_district_100305,l10n_ve_pad.res_city_1003,Bariro,100305
res_city_district_100306,l10n_ve_pad.res_city_1003,Guajiro,100306
res_city_district_100401,l10n_ve_pad.res_city_1004,Norte,100401
res_city_district_100402,l10n_ve_pad.res_city_1004,Carirubana,100402
res_city_district_100403,l10n_ve_pad.res_city_1004,Punta Cardón,100403
res_city_district_100404,l10n_ve_pad.res_city_1004,Santa Ana,100404
res_city_district_100501,l10n_ve_pad.res_city_1005,La Vela De Coro,100501
res_city_district_100502,l10n_ve_pad.res_city_1005,Acurigua,100502
res_city_district_100503,l10n_ve_pad.res_city_1005,Guaibacoa,100503
res_city_district_100504,l10n_ve_pad.res_city_1005,Macoruca,100504
res_city_district_100505,l10n_ve_pad.res_city_1005,Las Calderas,100505
res_city_district_100601,l10n_ve_pad.res_city_1006,Pedregal,100601
res_city_district_100602,l10n_ve_pad.res_city_1006,Agua Clara,100602
res_city_district_100603,l10n_ve_pad.res_city_1006,Avaria,100603
res_city_district_100604,l10n_ve_pad.res_city_1006,Piedra Grande,100604
res_city_district_100605,l10n_ve_pad.res_city_1006,Purureche,100605
res_city_district_100701,l10n_ve_pad.res_city_1007,Pueblo Nuevo,100701
res_city_district_100702,l10n_ve_pad.res_city_1007,Adícora,100702
res_city_district_100703,l10n_ve_pad.res_city_1007,Baraived,100703
res_city_district_100704,l10n_ve_pad.res_city_1007,Buena Vista,100704
res_city_district_100705,l10n_ve_pad.res_city_1007,Jadacaquiva,100705
res_city_district_100706,l10n_ve_pad.res_city_1007,Moruy,100706
res_city_district_100707,l10n_ve_pad.res_city_1007,El Vínculo,100707
res_city_district_100708,l10n_ve_pad.res_city_1007,El Hato,100708
res_city_district_100709,l10n_ve_pad.res_city_1007,Adaure,100709
res_city_district_100801,l10n_ve_pad.res_city_1008,Churuguara,100801
res_city_district_100802,l10n_ve_pad.res_city_1008,Agua Larga,100802
res_city_district_100803,l10n_ve_pad.res_city_1008,Independencia,100803
res_city_district_100804,l10n_ve_pad.res_city_1008,Mapararí,100804
res_city_district_100805,l10n_ve_pad.res_city_1008,El Paují,100805
res_city_district_100901,l10n_ve_pad.res_city_1009,Mene De Mauroa,100901
res_city_district_100902,l10n_ve_pad.res_city_1009,Casigua,100902
res_city_district_100903,l10n_ve_pad.res_city_1009,San Félix,100903
res_city_district_101001,l10n_ve_pad.res_city_1010,San Antonio,101001
res_city_district_101002,l10n_ve_pad.res_city_1010,San Gabriel,101002
res_city_district_101004,l10n_ve_pad.res_city_1010,Guzmán Guillermo,101004
res_city_district_101005,l10n_ve_pad.res_city_1010,Mitare,101005
res_city_district_101006,l10n_ve_pad.res_city_1010,Sabaneta,101006
res_city_district_101007,l10n_ve_pad.res_city_1010,Río Seco,101007
res_city_district_101101,l10n_ve_pad.res_city_1011,Cabure,101101
res_city_district_101102,l10n_ve_pad.res_city_1011,Curimagua,101102
res_city_district_101103,l10n_ve_pad.res_city_1011,Colina,101103
res_city_district_101201,l10n_ve_pad.res_city_1012,Tucacas,101201
res_city_district_101202,l10n_ve_pad.res_city_1012,Boca De Aroa,101202
res_city_district_101301,l10n_ve_pad.res_city_1013,Puerto Cumarebo,101301
res_city_district_101302,l10n_ve_pad.res_city_1013,La Ciénaga,101302
res_city_district_101303,l10n_ve_pad.res_city_1013,La Soledad,101303
res_city_district_101304,l10n_ve_pad.res_city_1013,Pueblo Cumarebo,101304
res_city_district_101305,l10n_ve_pad.res_city_1013,Zazarida,101305
res_city_district_101401,l10n_ve_pad.res_city_1014,Capital Dabajuro,101401
res_city_district_101501,l10n_ve_pad.res_city_1015,Chichiriviche,101501
res_city_district_101502,l10n_ve_pad.res_city_1015,Boca De Tocuyo,101502
res_city_district_101503,l10n_ve_pad.res_city_1015,Tocuyo De La Costa,101503
res_city_district_101601,l10n_ve_pad.res_city_1016,Los Taques,101601
res_city_district_101602,l10n_ve_pad.res_city_1016,Judibana,101602
res_city_district_101701,l10n_ve_pad.res_city_1017,Píritu,101701
res_city_district_101702,l10n_ve_pad.res_city_1017,San José De La Costa,101702
res_city_district_101801,l10n_ve_pad.res_city_1018,Santa Cruz De Bucaral,101801
res_city_district_101802,l10n_ve_pad.res_city_1018,El Charal,101802
res_city_district_101803,l10n_ve_pad.res_city_1018,Las Vegas Del Tuy,101803
res_city_district_101901,l10n_ve_pad.res_city_1019,San Francisco,101901
res_city_district_102001,l10n_ve_pad.res_city_1020,Jacura,102001
res_city_district_102002,l10n_ve_pad.res_city_1020,Agua Linda,102002
res_city_district_102003,l10n_ve_pad.res_city_1020,Araurima,102003
res_city_district_102101,l10n_ve_pad.res_city_1021,Cacique Manaure,102101
res_city_district_102201,l10n_ve_pad.res_city_1022,Palmasola,102201
res_city_district_102301,l10n_ve_pad.res_city_1023,Sucre,102301
res_city_district_102302,l10n_ve_pad.res_city_1023,Pecaya,102302
res_city_district_102401,l10n_ve_pad.res_city_1024,Urumaco,102401
res_city_district_102402,l10n_ve_pad.res_city_1024,Urbana Bruzual,102402
res_city_district_102501,l10n_ve_pad.res_city_1025,Tocópero,102501
res_city_district_110101,l10n_ve_pad.res_city_1101,Valle De La Pascua,110101
res_city_district_110102,l10n_ve_pad.res_city_1101,Espino,110102
res_city_district_110201,l10n_ve_pad.res_city_1102,El Sombrero,110201
res_city_district_110202,l10n_ve_pad.res_city_1102,Sosa,110202
res_city_district_110301,l10n_ve_pad.res_city_1103,Calabozo,110301
res_city_district_110302,l10n_ve_pad.res_city_1103,El Calvario,110302
res_city_district_110303,l10n_ve_pad.res_city_1103,El Rastro,110303
res_city_district_110304,l10n_ve_pad.res_city_1103,Guardatinajas,110304
res_city_district_110401,l10n_ve_pad.res_city_1104,Altagracia De Orituco,110401
res_city_district_110402,l10n_ve_pad.res_city_1104,Lezama,110402
res_city_district_110403,l10n_ve_pad.res_city_1104,Libertad De Orituco,110403
res_city_district_110404,l10n_ve_pad.res_city_1104,San Francisco De Macaira,110404
res_city_district_110405,l10n_ve_pad.res_city_1104,San Rafael De Orituco,110405
res_city_district_110406,l10n_ve_pad.res_city_1104,Soublette,110406
res_city_district_110407,l10n_ve_pad.res_city_1104,Paso Real De Macaira,110407
res_city_district_110501,l10n_ve_pad.res_city_1105,Tucupido,110501
res_city_district_110502,l10n_ve_pad.res_city_1105,San Rafael De Laya,110502
res_city_district_110601,l10n_ve_pad.res_city_1106,San Juan De Los Morros,110601
res_city_district_110602,l10n_ve_pad.res_city_1106,Parapara,110602
res_city_district_110603,l10n_ve_pad.res_city_1106,Cantagallo,110603
res_city_district_110701,l10n_ve_pad.res_city_1107,Zaraza,110701
res_city_district_110702,l10n_ve_pad.res_city_1107,San José De Unare,110702
res_city_district_110801,l10n_ve_pad.res_city_1108,Camaguán,110801
res_city_district_110802,l10n_ve_pad.res_city_1108,Puerto Miranda,110802
res_city_district_110803,l10n_ve_pad.res_city_1108,Uverito,110803
res_city_district_110901,l10n_ve_pad.res_city_1109,San José De Guaribe,110901
res_city_district_111001,l10n_ve_pad.res_city_1110,Las Mercedes,111001
res_city_district_111002,l10n_ve_pad.res_city_1110,Santa Rita De Manapire,111002
res_city_district_111003,l10n_ve_pad.res_city_1110,Cabruta,111003
res_city_district_111101,l10n_ve_pad.res_city_1111,El Socorro,111101
res_city_district_111201,l10n_ve_pad.res_city_1112,Ortiz,111201
res_city_district_111202,l10n_ve_pad.res_city_1112,San Francisco De Tiznados,111202
res_city_district_111203,l10n_ve_pad.res_city_1112,San José De Tiznados,111203
res_city_district_111204,l10n_ve_pad.res_city_1112,San Lorenzo De Tiznados,111204
res_city_district_111301,l10n_ve_pad.res_city_1113,Santa María De Ipire,111301
res_city_district_111302,l10n_ve_pad.res_city_1113,Altamira,111302
res_city_district_111401,l10n_ve_pad.res_city_1114,Chaguaramas,111401
res_city_district_111501,l10n_ve_pad.res_city_1115,San Gerónimo De Guayabal,111501
res_city_district_111502,l10n_ve_pad.res_city_1115,Cazorla,111502
res_city_district_120101,l10n_ve_pad.res_city_1201,Freitez,120101
res_city_district_120102,l10n_ve_pad.res_city_1201,José María Blanco,120102
res_city_district_120201,l10n_ve_pad.res_city_1202,Catedral,120201
res_city_district_120202,l10n_ve_pad.res_city_1202,Concepción,120202
res_city_district_120203,l10n_ve_pad.res_city_1202,Santa Rosa,120203
res_city_district_120204,l10n_ve_pad.res_city_1202,Unión,120204
res_city_district_120205,l10n_ve_pad.res_city_1202,El Cují,120205
res_city_district_120206,l10n_ve_pad.res_city_1202,Tamaca,120206
res_city_district_120207,l10n_ve_pad.res_city_1202,Juan De Villegas,120207
res_city_district_120208,l10n_ve_pad.res_city_1202,Aguedo Felipe Alvarado,120208
res_city_district_120209,l10n_ve_pad.res_city_1202,Buena Vista,120209
res_city_district_120210,l10n_ve_pad.res_city_1202,Juárez,120210
res_city_district_120301,l10n_ve_pad.res_city_1203,Juan Bautista Rodríguez,120301
res_city_district_120302,l10n_ve_pad.res_city_1203,Diego De Lozada,120302
res_city_district_120303,l10n_ve_pad.res_city_1203,San Miguel,120303
res_city_district_120304,l10n_ve_pad.res_city_1203,Cuara,120304
res_city_district_120305,l10n_ve_pad.res_city_1203,Paraíso De San José,120305
res_city_district_120306,l10n_ve_pad.res_city_1203,Tintorero,120306
res_city_district_120307,l10n_ve_pad.res_city_1203,José Bernardo Dorante,120307
res_city_district_120308,l10n_ve_pad.res_city_1203,Coronel Mariano Peraza,120308
res_city_district_120401,l10n_ve_pad.res_city_1204,Bolívar,120401
res_city_district_120402,l10n_ve_pad.res_city_1204,Anzoátegui,120402
res_city_district_120403,l10n_ve_pad.res_city_1204,Guárico,120403
res_city_district_120404,l10n_ve_pad.res_city_1204,Humocaro Alto,120404
res_city_district_120405,l10n_ve_pad.res_city_1204,Humocaro Bajo,120405
res_city_district_120406,l10n_ve_pad.res_city_1204,Morán,120406
res_city_district_120407,l10n_ve_pad.res_city_1204,Hilario Luna Y Luna,120407
res_city_district_120408,l10n_ve_pad.res_city_1204,La Candelaria,120408
res_city_district_120501,l10n_ve_pad.res_city_1205,Cabudare,120501
res_city_district_120502,l10n_ve_pad.res_city_1205,José Gregorio Bastidas,120502
res_city_district_120503,l10n_ve_pad.res_city_1205,Agua Viva,120503
res_city_district_120601,l10n_ve_pad.res_city_1206,Trinidad Samuel,120601
res_city_district_120602,l10n_ve_pad.res_city_1206,Antonio Díaz,120602
res_city_district_120603,l10n_ve_pad.res_city_1206,Camacaro,120603
res_city_district_120604,l10n_ve_pad.res_city_1206,Castañeda,120604
res_city_district_120605,l10n_ve_pad.res_city_1206,Chiquinquirá,120605
res_city_district_120606,l10n_ve_pad.res_city_1206,Espinoza De Los Monteros,120606
res_city_district_120607,l10n_ve_pad.res_city_1206,Lara,120607
res_city_district_120608,l10n_ve_pad.res_city_1206,Manuel Morillo,120608
res_city_district_120609,l10n_ve_pad.res_city_1206,Montes De Oca,120609
res_city_district_120610,l10n_ve_pad.res_city_1206,Torres,120610
res_city_district_120611,l10n_ve_pad.res_city_1206,El Blanco,120611
res_city_district_120612,l10n_ve_pad.res_city_1206,Montaña Verde,120612
res_city_district_120614,l10n_ve_pad.res_city_1206,Las Mercedes,120614
res_city_district_120615,l10n_ve_pad.res_city_1206,Cecilio Zubillaga,120615
res_city_district_120616,l10n_ve_pad.res_city_1206,Reyes Vargas,120616
res_city_district_120617,l10n_ve_pad.res_city_1206,Altagracia,120617
res_city_district_120701,l10n_ve_pad.res_city_1207,Siquisique,120701
res_city_district_120702,l10n_ve_pad.res_city_1207,San Miguel,120702
res_city_district_120703,l10n_ve_pad.res_city_1207,Xaguas,120703
res_city_district_120704,l10n_ve_pad.res_city_1207,Moroturo,120704
res_city_district_120801,l10n_ve_pad.res_city_1208,Pío Tamayo,120801
res_city_district_120802,l10n_ve_pad.res_city_1208,Yacambú,120802
res_city_district_120803,l10n_ve_pad.res_city_1208,Quebrada Honda De Guache,120803
res_city_district_120901,l10n_ve_pad.res_city_1209,Sarare,120901
res_city_district_120902,l10n_ve_pad.res_city_1209,Gustavo Vegas León,120902
res_city_district_120903,l10n_ve_pad.res_city_1209,Buría,120903
res_city_district_130101,l10n_ve_pad.res_city_1301,Gabriel Picón González,130101
res_city_district_130102,l10n_ve_pad.res_city_1301,Héctor Amable Mora,130102
res_city_district_130103,l10n_ve_pad.res_city_1301,José Nucete Sardi,130103
res_city_district_130104,l10n_ve_pad.res_city_1301,Pulido Méndez,130104
res_city_district_130105,l10n_ve_pad.res_city_1301,Presidente Rómulo Gallegos,130105
res_city_district_130106,l10n_ve_pad.res_city_1301,Presidente Betancourt,130106
res_city_district_130107,l10n_ve_pad.res_city_1301,Presidente Páez,130107
res_city_district_130201,l10n_ve_pad.res_city_1302,La Azulita,130201
res_city_district_130301,l10n_ve_pad.res_city_1303,Canaguá,130301
res_city_district_130302,l10n_ve_pad.res_city_1303,Capurí,130302
res_city_district_130303,l10n_ve_pad.res_city_1303,Chacantá,130303
res_city_district_130304,l10n_ve_pad.res_city_1303,El Molino,130304
res_city_district_130305,l10n_ve_pad.res_city_1303,Guaimaral,130305
res_city_district_130306,l10n_ve_pad.res_city_1303,Mucutuy,130306
res_city_district_130307,l10n_ve_pad.res_city_1303,Mucuchachí,130307
res_city_district_130401,l10n_ve_pad.res_city_1304,Acequias,130401
res_city_district_130402,l10n_ve_pad.res_city_1304,Jají,130402
res_city_district_130403,l10n_ve_pad.res_city_1304,La Mesa,130403
res_city_district_130404,l10n_ve_pad.res_city_1304,San José Del Sur,130404
res_city_district_130405,l10n_ve_pad.res_city_1304,Montalbán,130405
res_city_district_130406,l10n_ve_pad.res_city_1304,Matriz,130406
res_city_district_130407,l10n_ve_pad.res_city_1304,Fernández Peña,130407
res_city_district_130501,l10n_ve_pad.res_city_1305,Guaraque,130501
res_city_district_130502,l10n_ve_pad.res_city_1305,Mesa De Quintero,130502
res_city_district_130503,l10n_ve_pad.res_city_1305,Río Negro,130503
res_city_district_130601,l10n_ve_pad.res_city_1306,Arapuey,130601
res_city_district_130602,l10n_ve_pad.res_city_1306,Palmira,130602
res_city_district_130701,l10n_ve_pad.res_city_1307,Torondoy,130701
res_city_district_130702,l10n_ve_pad.res_city_1307,San Cristóbal De Torondoy,130702
res_city_district_130801,l10n_ve_pad.res_city_1308,Arias,130801
res_city_district_130802,l10n_ve_pad.res_city_1308,Sagrario,130802
res_city_district_130803,l10n_ve_pad.res_city_1308,Milla,130803
res_city_district_130804,l10n_ve_pad.res_city_1308,El Llano,130804
res_city_district_130805,l10n_ve_pad.res_city_1308,Juan Rodríguez Suárez,130805
res_city_district_130806,l10n_ve_pad.res_city_1308,Jacinto Plaza,130806
res_city_district_130807,l10n_ve_pad.res_city_1308,Domingo Peña,130807
res_city_district_130808,l10n_ve_pad.res_city_1308,Gonzalo Picón Febres,130808
res_city_district_130809,l10n_ve_pad.res_city_1308,Osuna Rodríguez,130809
res_city_district_130810,l10n_ve_pad.res_city_1308,Lasso De La Vega,130810
res_city_district_130811,l10n_ve_pad.res_city_1308,Caracciolo Parra Pérez,130811
res_city_district_130812,l10n_ve_pad.res_city_1308,Mariano Picón Salas,130812
res_city_district_130813,l10n_ve_pad.res_city_1308,Antonio Spinetti Dini,130813
res_city_district_130814,l10n_ve_pad.res_city_1308,El Morro,130814
res_city_district_130815,l10n_ve_pad.res_city_1308,Los Nevados,130815
res_city_district_130901,l10n_ve_pad.res_city_1309,Tabay,130901
res_city_district_131001,l10n_ve_pad.res_city_1310,Timotes,131001
res_city_district_131002,l10n_ve_pad.res_city_1310,Andrés Eloy Blanco,131002
res_city_district_131003,l10n_ve_pad.res_city_1310,Piñango,131003
res_city_district_131004,l10n_ve_pad.res_city_1310,La Venta,131004
res_city_district_131101,l10n_ve_pad.res_city_1311,Santa Cruz De Mora,131101
res_city_district_131102,l10n_ve_pad.res_city_1311,Mesa Bolívar,131102
res_city_district_131103,l10n_ve_pad.res_city_1311,Mesa De Las Palmas,131103
res_city_district_131201,l10n_ve_pad.res_city_1312,Santa Elena De Arenales,131201
res_city_district_131202,l10n_ve_pad.res_city_1312,Eloy Paredes,131202
res_city_district_131203,l10n_ve_pad.res_city_1312,San Rafael De Alcázar,131203
res_city_district_131301,l10n_ve_pad.res_city_1313,Tucani,131301
res_city_district_131302,l10n_ve_pad.res_city_1313,Florencio Ramírez,131302
res_city_district_131401,l10n_ve_pad.res_city_1314,Santo Domingo,131401
res_city_district_131402,l10n_ve_pad.res_city_1314,Las Piedras,131402
res_city_district_131501,l10n_ve_pad.res_city_1315,Pueblo Llano,131501
res_city_district_131601,l10n_ve_pad.res_city_1316,Mucuchíes,131601
res_city_district_131602,l10n_ve_pad.res_city_1316,Mucurubá,131602
res_city_district_131603,l10n_ve_pad.res_city_1316,San Rafael,131603
res_city_district_131604,l10n_ve_pad.res_city_1316,Cacute,131604
res_city_district_131605,l10n_ve_pad.res_city_1316,La Toma,131605
res_city_district_131701,l10n_ve_pad.res_city_1317,Bailadores,131701
res_city_district_131702,l10n_ve_pad.res_city_1317,Gerónimo Maldonado,131702
res_city_district_131801,l10n_ve_pad.res_city_1318,Capital Sucre,131801
res_city_district_131802,l10n_ve_pad.res_city_1318,Chiguará,131802
res_city_district_131803,l10n_ve_pad.res_city_1318,Estánquez,131803
res_city_district_131804,l10n_ve_pad.res_city_1318,San Juan,131804
res_city_district_131805,l10n_ve_pad.res_city_1318,Pueblo Nuevo Del Sur,131805
res_city_district_131806,l10n_ve_pad.res_city_1318,La Trampa,131806
res_city_district_131901,l10n_ve_pad.res_city_1319,El Llano,131901
res_city_district_131902,l10n_ve_pad.res_city_1319,Tovar,131902
res_city_district_131903,l10n_ve_pad.res_city_1319,El Amparo,131903
res_city_district_131904,l10n_ve_pad.res_city_1319,San Francisco,131904
res_city_district_132001,l10n_ve_pad.res_city_1320,Nueva Bolivia,132001
res_city_district_132002,l10n_ve_pad.res_city_1320,Independencia,132002
res_city_district_132003,l10n_ve_pad.res_city_1320,María De La Concepción Palacios Blanco,132003
res_city_district_132004,l10n_ve_pad.res_city_1320,Santa Apolonia,132004
res_city_district_132101,l10n_ve_pad.res_city_1321,Padre Noguera,132101
res_city_district_132201,l10n_ve_pad.res_city_1322,Aricagua,132201
res_city_district_132202,l10n_ve_pad.res_city_1322,San Antonio,132202
res_city_district_132301,l10n_ve_pad.res_city_1323,Zea,132301
res_city_district_132302,l10n_ve_pad.res_city_1323,Caño El Tigre,132302
res_city_district_140101,l10n_ve_pad.res_city_1401,Caucagua,140101
res_city_district_140102,l10n_ve_pad.res_city_1401,Aragüita,140102
res_city_district_140103,l10n_ve_pad.res_city_1401,Arévalo González,140103
res_city_district_140104,l10n_ve_pad.res_city_1401,Capaya,140104
res_city_district_140105,l10n_ve_pad.res_city_1401,Panaquire,140105
res_city_district_140106,l10n_ve_pad.res_city_1401,Ribas,140106
res_city_district_140107,l10n_ve_pad.res_city_1401,El Café,140107
res_city_district_140108,l10n_ve_pad.res_city_1401,Marizapa,140108
res_city_district_140201,l10n_ve_pad.res_city_1402,Higuerote,140201
res_city_district_140202,l10n_ve_pad.res_city_1402,Curiepe,140202
res_city_district_140203,l10n_ve_pad.res_city_1402,Tacarigua,140203
res_city_district_140301,l10n_ve_pad.res_city_1403,Los Teques,140301
res_city_district_140302,l10n_ve_pad.res_city_1403,Cecilio Acosta,140302
res_city_district_140303,l10n_ve_pad.res_city_1403,Paracotos,140303
res_city_district_140304,l10n_ve_pad.res_city_1403,San Pedro,140304
res_city_district_140305,l10n_ve_pad.res_city_1403,Tácata,140305
res_city_district_140306,l10n_ve_pad.res_city_1403,El Jarillo,140306
res_city_district_140307,l10n_ve_pad.res_city_1403,Altagracia De La Montaña,140307
res_city_district_140401,l10n_ve_pad.res_city_1404,Santa Teresa Del Tuy,140401
res_city_district_140402,l10n_ve_pad.res_city_1404,El Cartanal,140402
res_city_district_140501,l10n_ve_pad.res_city_1405,Ocumare Del Tuy,140501
res_city_district_140502,l10n_ve_pad.res_city_1405,La Democracia,140502
res_city_district_140503,l10n_ve_pad.res_city_1405,Santa Bárbara,140503
res_city_district_140601,l10n_ve_pad.res_city_1406,Río Chico,140601
res_city_district_140602,l10n_ve_pad.res_city_1406,El Guapo,140602
res_city_district_140603,l10n_ve_pad.res_city_1406,Tacarigua De La Laguna,140603
res_city_district_140604,l10n_ve_pad.res_city_1406,Paparo,140604
res_city_district_140605,l10n_ve_pad.res_city_1406,San Fernando Del Guapo,140605
res_city_district_140701,l10n_ve_pad.res_city_1407,Santa Lucía,140701
res_city_district_140801,l10n_ve_pad.res_city_1408,Guarenas,140801
res_city_district_140901,l10n_ve_pad.res_city_1409,Petare,140901
res_city_district_140902,l10n_ve_pad.res_city_1409,Leoncio Martínez,140902
res_city_district_140903,l10n_ve_pad.res_city_1409,Caucagüita,140903
res_city_district_140904,l10n_ve_pad.res_city_1409,Fila De Mariches,140904
res_city_district_140905,l10n_ve_pad.res_city_1409,La Dolorita,140905
res_city_district_141001,l10n_ve_pad.res_city_1410,Cúa,141001
res_city_district_141002,l10n_ve_pad.res_city_1410,Nueva Cúa,141002
res_city_district_141101,l10n_ve_pad.res_city_1411,Guatire,141101
res_city_district_141102,l10n_ve_pad.res_city_1411,Bolívar,141102
res_city_district_141201,l10n_ve_pad.res_city_1412,Charallave,141201
res_city_district_141202,l10n_ve_pad.res_city_1412,Las Brisas,141202
res_city_district_141301,l10n_ve_pad.res_city_1413,San Antonio De Los Altos,141301
res_city_district_141401,l10n_ve_pad.res_city_1414,San José De Barlovento,141401
res_city_district_141402,l10n_ve_pad.res_city_1414,Cumbo,141402
res_city_district_141501,l10n_ve_pad.res_city_1415,San Francisco De Yare,141501
res_city_district_141502,l10n_ve_pad.res_city_1415,San Antonio De Yare,141502
res_city_district_141601,l10n_ve_pad.res_city_1416,Baruta,141601
res_city_district_141602,l10n_ve_pad.res_city_1416,El Cafetal,141602
res_city_district_141603,l10n_ve_pad.res_city_1416,Las Minas De Baruta,141603
res_city_district_141701,l10n_ve_pad.res_city_1417,Carrizal,141701
res_city_district_141801,l10n_ve_pad.res_city_1418,Chacao,141801
res_city_district_141901,l10n_ve_pad.res_city_1419,El Hatillo,141901
res_city_district_142001,l10n_ve_pad.res_city_1420,Mamporal,142001
res_city_district_142101,l10n_ve_pad.res_city_1421,Cúpira,142101
res_city_district_142102,l10n_ve_pad.res_city_1421,Machurucuto,142102
res_city_district_150101,l10n_ve_pad.res_city_1501,San Antonio,150101
res_city_district_150102,l10n_ve_pad.res_city_1501,San Francisco,150102
res_city_district_150201,l10n_ve_pad.res_city_1502,Bolívar,150201
res_city_district_150301,l10n_ve_pad.res_city_1503,Caripe,150301
res_city_district_150302,l10n_ve_pad.res_city_1503,Teresén,150302
res_city_district_150303,l10n_ve_pad.res_city_1503,El Guácharo,150303
res_city_district_150304,l10n_ve_pad.res_city_1503,San Agustín,150304
res_city_district_150305,l10n_ve_pad.res_city_1503,La Guanota,150305
res_city_district_150306,l10n_ve_pad.res_city_1503,Sabana De Piedra,150306
res_city_district_150401,l10n_ve_pad.res_city_1504,Capital Cedeño,150401
res_city_district_150402,l10n_ve_pad.res_city_1504,Areo,150402
res_city_district_150403,l10n_ve_pad.res_city_1504,San Félix,150403
res_city_district_150404,l10n_ve_pad.res_city_1504,Viento Fresco,150404
res_city_district_150501,l10n_ve_pad.res_city_1505,Ezequiel Zamora,150501
res_city_district_150502,l10n_ve_pad.res_city_1505,El Tejero,150502
res_city_district_150601,l10n_ve_pad.res_city_1506,Libertador,150601
res_city_district_150602,l10n_ve_pad.res_city_1506,Tabasca,150602
res_city_district_150603,l10n_ve_pad.res_city_1506,Las Alhuacas,150603
res_city_district_150604,l10n_ve_pad.res_city_1506,Chaguaramas,150604
res_city_district_150701,l10n_ve_pad.res_city_1507,El Furrial,150701
res_city_district_150702,l10n_ve_pad.res_city_1507,Jusepín,150702
res_city_district_150703,l10n_ve_pad.res_city_1507,El Corozo,150703
res_city_district_150704,l10n_ve_pad.res_city_1507,San Vicente,150704
res_city_district_150705,l10n_ve_pad.res_city_1507,La Pica,150705
res_city_district_150706,l10n_ve_pad.res_city_1507,Alto De Los Godos,150706
res_city_district_150707,l10n_ve_pad.res_city_1507,Boquerón,150707
res_city_district_150708,l10n_ve_pad.res_city_1507,Las Cocuizas,150708
res_city_district_150709,l10n_ve_pad.res_city_1507,Santa Cruz,150709
res_city_district_150710,l10n_ve_pad.res_city_1507,San Simón,150710
res_city_district_150801,l10n_ve_pad.res_city_1508,Capital Piar,150801
res_city_district_150802,l10n_ve_pad.res_city_1508,Chaguaramal,150802
res_city_district_150803,l10n_ve_pad.res_city_1508,Guanaguana,150803
res_city_district_150804,l10n_ve_pad.res_city_1508,Aparicio,150804
res_city_district_150805,l10n_ve_pad.res_city_1508,Taguaya,150805
res_city_district_150806,l10n_ve_pad.res_city_1508,El Pinto,150806
res_city_district_150807,l10n_ve_pad.res_city_1508,La Toscana,150807
res_city_district_150901,l10n_ve_pad.res_city_1509,Capital Punceres,150901
res_city_district_150902,l10n_ve_pad.res_city_1509,Cachipo,150902
res_city_district_151001,l10n_ve_pad.res_city_1510,Capital Sotillo,151001
res_city_district_151002,l10n_ve_pad.res_city_1510,Los Barrancos De Fajardo,151002
res_city_district_151101,l10n_ve_pad.res_city_1511,Aguasay,151101
res_city_district_151201,l10n_ve_pad.res_city_1512,Santa Bárbara,151201
res_city_district_151301,l10n_ve_pad.res_city_1513,Uracoa,151301
res_city_district_160101,l10n_ve_pad.res_city_1601,Arismendi,160101
res_city_district_160201,l10n_ve_pad.res_city_1602,Díaz,160201
res_city_district_160202,l10n_ve_pad.res_city_1602,Zabala,160202
res_city_district_160301,l10n_ve_pad.res_city_1603,Capital Gómez,160301
res_city_district_160302,l10n_ve_pad.res_city_1603,Guevara,160302
res_city_district_160303,l10n_ve_pad.res_city_1603,Matasiete,160303
res_city_district_160304,l10n_ve_pad.res_city_1603,Bolívar,160304
res_city_district_160305,l10n_ve_pad.res_city_1603,Sucre,160305
res_city_district_160401,l10n_ve_pad.res_city_1604,Maneiro,160401
res_city_district_160402,l10n_ve_pad.res_city_1604,Aguirre,160402
res_city_district_160501,l10n_ve_pad.res_city_1605,Marcano,160501
res_city_district_160502,l10n_ve_pad.res_city_1605,Adrián,160502
res_city_district_160601,l10n_ve_pad.res_city_1606,Mariño,160601
res_city_district_160701,l10n_ve_pad.res_city_1607,Península De Macanao,160701
res_city_district_160702,l10n_ve_pad.res_city_1607,San Francisco,160702
res_city_district_160801,l10n_ve_pad.res_city_1608,Villalba,160801
res_city_district_160802,l10n_ve_pad.res_city_1608,Vicente Fuentes,160802
res_city_district_160901,l10n_ve_pad.res_city_1609,Tubores,160901
res_city_district_160902,l10n_ve_pad.res_city_1609,Los Barales,160902
res_city_district_161001,l10n_ve_pad.res_city_1610,Antolín Del Campo,161001
res_city_district_161101,l10n_ve_pad.res_city_1611,García,161101
res_city_district_161102,l10n_ve_pad.res_city_1611,Francisco Fajardo,161102
res_city_district_170101,l10n_ve_pad.res_city_1701,Araure,170101
res_city_district_170102,l10n_ve_pad.res_city_1701,Río Acarigua,170102
res_city_district_170201,l10n_ve_pad.res_city_1702,Esteller,170201
res_city_district_170202,l10n_ve_pad.res_city_1702,Uveral,170202
res_city_district_170301,l10n_ve_pad.res_city_1703,Guanare,170301
res_city_district_170302,l10n_ve_pad.res_city_1703,Córdoba,170302
res_city_district_170303,l10n_ve_pad.res_city_1703,San Juan De Guanaguanare,170303
res_city_district_170304,l10n_ve_pad.res_city_1703,Virgen De La Coromoto,170304
res_city_district_170305,l10n_ve_pad.res_city_1703,San José De La Montaña,170305
res_city_district_170401,l10n_ve_pad.res_city_1704,Guanarito,170401
res_city_district_170402,l10n_ve_pad.res_city_1704,Trinidad De La Capilla,170402
res_city_district_170403,l10n_ve_pad.res_city_1704,Divina Pastora,170403
res_city_district_170501,l10n_ve_pad.res_city_1705,Ospino,170501
res_city_district_170502,l10n_ve_pad.res_city_1705,Aparición,170502
res_city_district_170503,l10n_ve_pad.res_city_1705,La Estación,170503
res_city_district_170601,l10n_ve_pad.res_city_1706,Páez,170601
res_city_district_170602,l10n_ve_pad.res_city_1706,Payara,170602
res_city_district_170603,l10n_ve_pad.res_city_1706,Pimpinela,170603
res_city_district_170604,l10n_ve_pad.res_city_1706,Ramón Peraza,170604
res_city_district_170701,l10n_ve_pad.res_city_1707,Sucre,170701
res_city_district_170702,l10n_ve_pad.res_city_1707,Concepción,170702
res_city_district_170703,l10n_ve_pad.res_city_1707,San Rafael De Palo Alzado,170703
res_city_district_170704,l10n_ve_pad.res_city_1707,Uvencio Antonio Velásquez,170704
res_city_district_170705,l10n_ve_pad.res_city_1707,San José De Saguaz,170705
res_city_district_170706,l10n_ve_pad.res_city_1707,Villa Rosa,170706
res_city_district_170801,l10n_ve_pad.res_city_1708,Turén,170801
res_city_district_170802,l10n_ve_pad.res_city_1708,Canelones,170802
res_city_district_170803,l10n_ve_pad.res_city_1708,Santa Cruz,170803
res_city_district_170804,l10n_ve_pad.res_city_1708,San Isidro Labrador,170804
res_city_district_170901,l10n_ve_pad.res_city_1709,Monseñor José Vicente De Unda,170901
res_city_district_170902,l10n_ve_pad.res_city_1709,Peña Blanca,170902
res_city_district_171001,l10n_ve_pad.res_city_1710,Agua Blanca,171001
res_city_district_171101,l10n_ve_pad.res_city_1711,Papelón,171101
res_city_district_171102,l10n_ve_pad.res_city_1711,Caño Delgadito,171102
res_city_district_171201,l10n_ve_pad.res_city_1712,San Genaro De Boconoito,171201
res_city_district_171202,l10n_ve_pad.res_city_1712,Antolín Tovar,171202
res_city_district_171301,l10n_ve_pad.res_city_1713,San Rafael De Onoto,171301
res_city_district_171302,l10n_ve_pad.res_city_1713,Santa Fe,171302
res_city_district_171303,l10n_ve_pad.res_city_1713,Thermo Morles,171303
res_city_district_171401,l10n_ve_pad.res_city_1714,Santa Rosalía,171401
res_city_district_171402,l10n_ve_pad.res_city_1714,Florida,171402
res_city_district_180101,l10n_ve_pad.res_city_1801,Río Caribe,180101
res_city_district_180102,l10n_ve_pad.res_city_1801,San Juan De Las Galdonas,180102
res_city_district_180103,l10n_ve_pad.res_city_1801,Puerto Santo,180103
res_city_district_180104,l10n_ve_pad.res_city_1801,El Morro De Puerto Santo,180104
res_city_district_180105,l10n_ve_pad.res_city_1801,Antonio José De Sucre,180105
res_city_district_180201,l10n_ve_pad.res_city_1802,El Pilar,180201
res_city_district_180202,l10n_ve_pad.res_city_1802,El Rincón,180202
res_city_district_180203,l10n_ve_pad.res_city_1802,Guaraúnos,180203
res_city_district_180204,l10n_ve_pad.res_city_1802,Tunapuicito,180204
res_city_district_180205,l10n_ve_pad.res_city_1802,Unión,180205
res_city_district_180206,l10n_ve_pad.res_city_1802,General Francisco Antonio Vásquez,180206
res_city_district_180301,l10n_ve_pad.res_city_1803,Santa Catalina,180301
res_city_district_180302,l10n_ve_pad.res_city_1803,Santa Rosa,180302
res_city_district_180303,l10n_ve_pad.res_city_1803,Santa Teresa,180303
res_city_district_180304,l10n_ve_pad.res_city_1803,Bolívar,180304
res_city_district_180305,l10n_ve_pad.res_city_1803,Macarapana,180305
res_city_district_180401,l10n_ve_pad.res_city_1804,Yaguaraparo,180401
res_city_district_180402,l10n_ve_pad.res_city_1804,Libertad,180402
res_city_district_180403,l10n_ve_pad.res_city_1804,El Paujil,180403
res_city_district_180501,l10n_ve_pad.res_city_1805,Irapa,180501
res_city_district_180502,l10n_ve_pad.res_city_1805,Campo Claro,180502
res_city_district_180503,l10n_ve_pad.res_city_1805,Soro,180503
res_city_district_180504,l10n_ve_pad.res_city_1805,San Antonio De Irapa,180504
res_city_district_180505,l10n_ve_pad.res_city_1805,Marabal,180505
res_city_district_180601,l10n_ve_pad.res_city_1806,Capital Mejía,180601
res_city_district_180701,l10n_ve_pad.res_city_1807,Cumanacoa,180701
res_city_district_180702,l10n_ve_pad.res_city_1807,Arenas,180702
res_city_district_180703,l10n_ve_pad.res_city_1807,Aricagua,180703
res_city_district_180704,l10n_ve_pad.res_city_1807,Cocollar,180704
res_city_district_180705,l10n_ve_pad.res_city_1807,San Fernando,180705
res_city_district_180706,l10n_ve_pad.res_city_1807,San Lorenzo,180706
res_city_district_180801,l10n_ve_pad.res_city_1808,Villa Frontado (Muelle De Cariaco),180801
res_city_district_180802,l10n_ve_pad.res_city_1808,Catuaro,180802
res_city_district_180803,l10n_ve_pad.res_city_1808,Rendón,180803
res_city_district_180804,l10n_ve_pad.res_city_1808,Santa Cruz,180804
res_city_district_180805,l10n_ve_pad.res_city_1808,Santa María,180805
res_city_district_180901,l10n_ve_pad.res_city_1809,Altagracia,180901
res_city_district_180902,l10n_ve_pad.res_city_1809,Ayacucho,180902
res_city_district_180903,l10n_ve_pad.res_city_1809,Santa Inés,180903
res_city_district_180904,l10n_ve_pad.res_city_1809,Valentín Valiente,180904
res_city_district_180905,l10n_ve_pad.res_city_1809,San Juan,180905
res_city_district_180906,l10n_ve_pad.res_city_1809,Santa Fe,180906
res_city_district_180907,l10n_ve_pad.res_city_1809,Raúl Leoni,180907
res_city_district_181001,l10n_ve_pad.res_city_1810,Güiria,181001
res_city_district_181002,l10n_ve_pad.res_city_1810,Cristóbal Colón,181002
res_city_district_181003,l10n_ve_pad.res_city_1810,Punta De Piedras,181003
res_city_district_181004,l10n_ve_pad.res_city_1810,Bideau,181004
res_city_district_181101,l10n_ve_pad.res_city_1811,Mariño,181101
res_city_district_181102,l10n_ve_pad.res_city_1811,Rómulo Gallegos,181102
res_city_district_181201,l10n_ve_pad.res_city_1812,Tunapuy,181201
res_city_district_181202,l10n_ve_pad.res_city_1812,Campo Elías,181202
res_city_district_181301,l10n_ve_pad.res_city_1813,San José De Aerocuar,181301
res_city_district_181302,l10n_ve_pad.res_city_1813,Tavera Acosta,181302
res_city_district_181401,l10n_ve_pad.res_city_1814,Capital Bolívar,181401
res_city_district_181501,l10n_ve_pad.res_city_1815,Araya,181501
res_city_district_181502,l10n_ve_pad.res_city_1815,Manicuare,181502
res_city_district_181503,l10n_ve_pad.res_city_1815,Chacopata,181503
res_city_district_190101,l10n_ve_pad.res_city_1901,Ayacucho,190101
res_city_district_190102,l10n_ve_pad.res_city_1901,Rivas Berti,190102
res_city_district_190103,l10n_ve_pad.res_city_1901,San Pedro Del Río,190103
res_city_district_190201,l10n_ve_pad.res_city_1902,Bolívar,190201
res_city_district_190202,l10n_ve_pad.res_city_1902,Palotal,190202
res_city_district_190203,l10n_ve_pad.res_city_1902,Juan Vicente Gómez,190203
res_city_district_190204,l10n_ve_pad.res_city_1902,Isaías Medina Angarita,190204
res_city_district_190302,l10n_ve_pad.res_city_1903,Juan Germán Roscio,190302
res_city_district_190301,l10n_ve_pad.res_city_1903,Independencia,190301
res_city_district_190303,l10n_ve_pad.res_city_1903,Román Cárdenas,190303
res_city_district_190401,l10n_ve_pad.res_city_1904,Cárdenas,190401
res_city_district_190402,l10n_ve_pad.res_city_1904,La Florida,190402
res_city_district_190403,l10n_ve_pad.res_city_1904,Amenodoro Rangel Lamús,190403
res_city_district_190501,l10n_ve_pad.res_city_1905,Jáuregui,190501
res_city_district_190502,l10n_ve_pad.res_city_1905,Emilio Constantino Guerrero,190502
res_city_district_190503,l10n_ve_pad.res_city_1905,Monseñor Miguel Antonio Salas,190503
res_city_district_190601,l10n_ve_pad.res_city_1906,Junín,190601
res_city_district_190602,l10n_ve_pad.res_city_1906,Bramón,190602
res_city_district_190603,l10n_ve_pad.res_city_1906,La Petrólia,190603
res_city_district_190604,l10n_ve_pad.res_city_1906,Quinimarí,190604
res_city_district_190701,l10n_ve_pad.res_city_1907,Lobatera,190701
res_city_district_190702,l10n_ve_pad.res_city_1907,Constitución,190702
res_city_district_190801,l10n_ve_pad.res_city_1908,La Concordia,190801
res_city_district_190802,l10n_ve_pad.res_city_1908,Pedro María Morantes,190802
res_city_district_190803,l10n_ve_pad.res_city_1908,San Juan Bautista,190803
res_city_district_190804,l10n_ve_pad.res_city_1908,San Sebastián,190804
res_city_district_190805,l10n_ve_pad.res_city_1908,Dr. Francisco Romero Lobo,190805
res_city_district_190901,l10n_ve_pad.res_city_1909,Capital Uribante,190901
res_city_district_190902,l10n_ve_pad.res_city_1909,Cárdenas,190902
res_city_district_190903,l10n_ve_pad.res_city_1909,Potosí,190903
res_city_district_190904,l10n_ve_pad.res_city_1909,Juan Pablo Peñaloza,190904
res_city_district_191001,l10n_ve_pad.res_city_1910,Córdoba,191001
res_city_district_191101,l10n_ve_pad.res_city_1911,García De Hevia,191101
res_city_district_191102,l10n_ve_pad.res_city_1911,Boca De Grita,191102
res_city_district_191103,l10n_ve_pad.res_city_1911,José Antonio Páez,191103
res_city_district_191201,l10n_ve_pad.res_city_1912,Guásimos,191201
res_city_district_191301,l10n_ve_pad.res_city_1913,Michelena,191301
res_city_district_191401,l10n_ve_pad.res_city_1914,Libertador,191401
res_city_district_191402,l10n_ve_pad.res_city_1914,San Joaquín De Navay,191402
res_city_district_191403,l10n_ve_pad.res_city_1914,Doradas,191403
res_city_district_191404,l10n_ve_pad.res_city_1914,Emeterio Ochoa,191404
res_city_district_191501,l10n_ve_pad.res_city_1915,Panamericano,191501
res_city_district_191502,l10n_ve_pad.res_city_1915,La Palmita,191502
res_city_district_191601,l10n_ve_pad.res_city_1916,Pedro María Ureña,191601
res_city_district_191602,l10n_ve_pad.res_city_1916,Nueva Arcadia,191602
res_city_district_191701,l10n_ve_pad.res_city_1917,Sucre,191701
res_city_district_191702,l10n_ve_pad.res_city_1917,San Pablo,191702
res_city_district_191703,l10n_ve_pad.res_city_1917,Eleazar López Contreras,191703
res_city_district_191801,l10n_ve_pad.res_city_1918,Andrés Bello,191801
res_city_district_191901,l10n_ve_pad.res_city_1919,Fernández Feo,191901
res_city_district_191902,l10n_ve_pad.res_city_1919,Santo Domingo,191902
res_city_district_191903,l10n_ve_pad.res_city_1919,Alberto Adriani,191903
res_city_district_192001,l10n_ve_pad.res_city_1920,Libertad,192001
res_city_district_192002,l10n_ve_pad.res_city_1920,Cipriano Castro,192002
res_city_district_192003,l10n_ve_pad.res_city_1920,Manuel Felipe Rugeles,192003
res_city_district_192101,l10n_ve_pad.res_city_1921,Samuel Darío Maldonado,192101
res_city_district_192102,l10n_ve_pad.res_city_1921,Boconó,192102
res_city_district_192103,l10n_ve_pad.res_city_1921,Hernández,192103
res_city_district_192201,l10n_ve_pad.res_city_1922,Seboruco,192201
res_city_district_192301,l10n_ve_pad.res_city_1923,Antonio Rómulo Costa,192301
res_city_district_192401,l10n_ve_pad.res_city_1924,Francisco De Miranda,192401
res_city_district_192501,l10n_ve_pad.res_city_1925,José María Vargas,192501
res_city_district_192601,l10n_ve_pad.res_city_1926,Rafael Urdaneta,192601
res_city_district_192701,l10n_ve_pad.res_city_1927,Simón Rodríguez,192701
res_city_district_192801,l10n_ve_pad.res_city_1928,Torbes,192801
res_city_district_192901,l10n_ve_pad.res_city_1929,San Judas Tadeo,192901
res_city_district_200101,l10n_ve_pad.res_city_2001,Betijoque,200101
res_city_district_200102,l10n_ve_pad.res_city_2001,José Gregorio Hernández,200102
res_city_district_200103,l10n_ve_pad.res_city_2001,La Pueblita,200103
res_city_district_200104,l10n_ve_pad.res_city_2001,Los Cedros,200104
res_city_district_200201,l10n_ve_pad.res_city_2002,Boconó,200201
res_city_district_200202,l10n_ve_pad.res_city_2002,El Carmen,200202
res_city_district_200203,l10n_ve_pad.res_city_2002,Mosquey,200203
res_city_district_200204,l10n_ve_pad.res_city_2002,Ayacucho,200204
res_city_district_200205,l10n_ve_pad.res_city_2002,Burbusay,200205
res_city_district_200206,l10n_ve_pad.res_city_2002,General Rivas,200206
res_city_district_200207,l10n_ve_pad.res_city_2002,Monseñor Jáuregui,200207
res_city_district_200208,l10n_ve_pad.res_city_2002,Rafael Rangel,200208
res_city_district_200209,l10n_ve_pad.res_city_2002,San José,200209
res_city_district_200210,l10n_ve_pad.res_city_2002,San Miguel,200210
res_city_district_200211,l10n_ve_pad.res_city_2002,Guaramacal,200211
res_city_district_200212,l10n_ve_pad.res_city_2002,Vega De Guaramacal,200212
res_city_district_200301,l10n_ve_pad.res_city_2003,Carache,200301
res_city_district_200302,l10n_ve_pad.res_city_2003,La Concepción,200302
res_city_district_200303,l10n_ve_pad.res_city_2003,Cuicas,200303
res_city_district_200304,l10n_ve_pad.res_city_2003,Panamericana,200304
res_city_district_200305,l10n_ve_pad.res_city_2003,Santa Cruz,200305
res_city_district_200401,l10n_ve_pad.res_city_2004,Escuque,200401
res_city_district_200402,l10n_ve_pad.res_city_2004,Sabana Libre,200402
res_city_district_200403,l10n_ve_pad.res_city_2004,La Unión,200403
res_city_district_200404,l10n_ve_pad.res_city_2004,Santa Rita,200404
res_city_district_200501,l10n_ve_pad.res_city_2005,Cristóbal Mendoza,200501
res_city_district_200502,l10n_ve_pad.res_city_2005,Chiquinquirá,200502
res_city_district_200503,l10n_ve_pad.res_city_2005,Matriz,200503
res_city_district_200504,l10n_ve_pad.res_city_2005,Monseñor Carrillo,200504
res_city_district_200505,l10n_ve_pad.res_city_2005,Cruz Carrillo,200505
res_city_district_200506,l10n_ve_pad.res_city_2005,Andrés Linares,200506
res_city_district_200507,l10n_ve_pad.res_city_2005,Tres Esquinas,200507
res_city_district_200601,l10n_ve_pad.res_city_2006,La Quebrada,200601
res_city_district_200602,l10n_ve_pad.res_city_2006,Jajó,200602
res_city_district_200603,l10n_ve_pad.res_city_2006,La Mesa,200603
res_city_district_200604,l10n_ve_pad.res_city_2006,Santiago,200604
res_city_district_200605,l10n_ve_pad.res_city_2006,Cabimbú,200605
res_city_district_200606,l10n_ve_pad.res_city_2006,Tuñame,200606
res_city_district_200701,l10n_ve_pad.res_city_2007,Mercedes Díaz,200701
res_city_district_200702,l10n_ve_pad.res_city_2007,Juan Ignacio Montilla,200702
res_city_district_200703,l10n_ve_pad.res_city_2007,La Beatriz,200703
res_city_district_200704,l10n_ve_pad.res_city_2007,Mendoza,200704
res_city_district_200705,l10n_ve_pad.res_city_2007,La Puerta,200705
res_city_district_200706,l10n_ve_pad.res_city_2007,San Luis,200706
res_city_district_200801,l10n_ve_pad.res_city_2008,Chejendé,200801
res_city_district_200802,l10n_ve_pad.res_city_2008,Carrillo,200802
res_city_district_200803,l10n_ve_pad.res_city_2008,Cegarra,200803
res_city_district_200804,l10n_ve_pad.res_city_2008,Bolivia,200804
res_city_district_200805,l10n_ve_pad.res_city_2008,Manuel Salvador Ulloa,200805
res_city_district_200806,l10n_ve_pad.res_city_2008,San José,200806
res_city_district_200807,l10n_ve_pad.res_city_2008,Arnoldo Gabaldón,200807
res_city_district_200901,l10n_ve_pad.res_city_2009,El Dividive,200901
res_city_district_200902,l10n_ve_pad.res_city_2009,Agua Caliente,200902
res_city_district_200903,l10n_ve_pad.res_city_2009,El Cenizo,200903
res_city_district_200904,l10n_ve_pad.res_city_2009,Agua Santa,200904
res_city_district_200905,l10n_ve_pad.res_city_2009,Valerita,200905
res_city_district_201001,l10n_ve_pad.res_city_2010,Monte Carmelo,201001
res_city_district_201002,l10n_ve_pad.res_city_2010,Buena Vista,201002
res_city_district_201003,l10n_ve_pad.res_city_2010,Santa María Del Horcón,201003
res_city_district_201101,l10n_ve_pad.res_city_2011,Motatán,201101
res_city_district_201102,l10n_ve_pad.res_city_2011,El Baño,201102
res_city_district_201103,l10n_ve_pad.res_city_2011,Jalisco,201103
res_city_district_201201,l10n_ve_pad.res_city_2012,Pampán,201201
res_city_district_201202,l10n_ve_pad.res_city_2012,Santa Ana,201202
res_city_district_201203,l10n_ve_pad.res_city_2012,La Paz,201203
res_city_district_201204,l10n_ve_pad.res_city_2012,Flor De Patria,201204
res_city_district_201301,l10n_ve_pad.res_city_2013,Carvajal,201301
res_city_district_201302,l10n_ve_pad.res_city_2013,Antonio Nicolás Briceño,201302
res_city_district_201303,l10n_ve_pad.res_city_2013,Campo Alegre,201303
res_city_district_201304,l10n_ve_pad.res_city_2013,José Leonardo Suárez,201304
res_city_district_201401,l10n_ve_pad.res_city_2014,Sabana De Mendoza,201401
res_city_district_201402,l10n_ve_pad.res_city_2014,Junín,201402
res_city_district_201403,l10n_ve_pad.res_city_2014,Valmore Rodríguez,201403
res_city_district_201404,l10n_ve_pad.res_city_2014,El Paraíso,201404
res_city_district_201501,l10n_ve_pad.res_city_2015,Santa Isabel,201501
res_city_district_201502,l10n_ve_pad.res_city_2015,Araguaney,201502
res_city_district_201503,l10n_ve_pad.res_city_2015,El Jagüito,201503
res_city_district_201504,l10n_ve_pad.res_city_2015,La Esperanza,201504
res_city_district_201601,l10n_ve_pad.res_city_2016,Sabana Grande,201601
res_city_district_201602,l10n_ve_pad.res_city_2016,Cheregüé,201602
res_city_district_201603,l10n_ve_pad.res_city_2016,Granados,201603
res_city_district_201701,l10n_ve_pad.res_city_2017,El Socorro,201701
res_city_district_201702,l10n_ve_pad.res_city_2017,Los Caprichos,201702
res_city_district_201703,l10n_ve_pad.res_city_2017,Antonio José De Sucre,201703
res_city_district_201801,l10n_ve_pad.res_city_2018,Campo Elías,201801
res_city_district_201802,l10n_ve_pad.res_city_2018,Arnoldo Gabaldón,201802
res_city_district_201901,l10n_ve_pad.res_city_2019,Santa Apolonia,201901
res_city_district_201902,l10n_ve_pad.res_city_2019,La Ceiba,201902
res_city_district_201903,l10n_ve_pad.res_city_2019,El Progreso,201903
res_city_district_201904,l10n_ve_pad.res_city_2019,Tres De Febrero,201904
res_city_district_202001,l10n_ve_pad.res_city_2020,Pampanito,202001
res_city_district_202002,l10n_ve_pad.res_city_2020,Pampanito Ii,202002
res_city_district_202003,l10n_ve_pad.res_city_2020,La Concepción,202003
res_city_district_210101,l10n_ve_pad.res_city_2101,Bolívar,210101
res_city_district_210201,l10n_ve_pad.res_city_2102,Bruzual,210201
res_city_district_210202,l10n_ve_pad.res_city_2102,Campo Elías,210202
res_city_district_210301,l10n_ve_pad.res_city_2103,Nirgua,210301
res_city_district_210302,l10n_ve_pad.res_city_2103,Salom,210302
res_city_district_210303,l10n_ve_pad.res_city_2103,Temerla,210303
res_city_district_210401,l10n_ve_pad.res_city_2104,San Felipe,210401
res_city_district_210402,l10n_ve_pad.res_city_2104,Albarico,210402
res_city_district_210403,l10n_ve_pad.res_city_2104,San Javier,210403
res_city_district_210501,l10n_ve_pad.res_city_2105,Sucre,210501
res_city_district_210601,l10n_ve_pad.res_city_2106,Urachiche,210601
res_city_district_210701,l10n_ve_pad.res_city_2107,Peña,210701
res_city_district_210702,l10n_ve_pad.res_city_2107,San Andrés,210702
res_city_district_210801,l10n_ve_pad.res_city_2108,José Antonio Páez,210801
res_city_district_210901,l10n_ve_pad.res_city_2109,La Trinidad,210901
res_city_district_211001,l10n_ve_pad.res_city_2110,Cocorote,211001
res_city_district_211101,l10n_ve_pad.res_city_2111,Independencia,211101
res_city_district_211201,l10n_ve_pad.res_city_2112,Arístides Bastidas,211201
res_city_district_211301,l10n_ve_pad.res_city_2113,Manuel Monge,211301
res_city_district_211401,l10n_ve_pad.res_city_2114,Veroes,211401
res_city_district_211402,l10n_ve_pad.res_city_2114,El Guayabo,211402
res_city_district_220101,l10n_ve_pad.res_city_2201,General Urdaneta,220101
res_city_district_220102,l10n_ve_pad.res_city_2201,Libertador,220102
res_city_district_220103,l10n_ve_pad.res_city_2201,Manuel Guanipa Matos,220103
res_city_district_220104,l10n_ve_pad.res_city_2201,Marcelino Briceño,220104
res_city_district_220105,l10n_ve_pad.res_city_2201,San Timoteo,220105
res_city_district_220106,l10n_ve_pad.res_city_2201,Pueblo Nuevo,220106
res_city_district_220201,l10n_ve_pad.res_city_2202,Pedro Lucas Urribarri,220201
res_city_district_220202,l10n_ve_pad.res_city_2202,Santa Rita,220202
res_city_district_220203,l10n_ve_pad.res_city_2202,José Cenovio Urribarri,220203
res_city_district_220204,l10n_ve_pad.res_city_2202,El Mene,220204
res_city_district_220301,l10n_ve_pad.res_city_2203,Santa Cruz Del Zulia,220301
res_city_district_220302,l10n_ve_pad.res_city_2203,Urribarri,220302
res_city_district_220303,l10n_ve_pad.res_city_2203,Moralito,220303
res_city_district_220304,l10n_ve_pad.res_city_2203,San Carlos Del Zulia,220304
res_city_district_220305,l10n_ve_pad.res_city_2203,Santa Bárbara,220305
res_city_district_220401,l10n_ve_pad.res_city_2204,Luis De Vicente,220401
res_city_district_220402,l10n_ve_pad.res_city_2204,Ricaurte,220402
res_city_district_220403,l10n_ve_pad.res_city_2204,Monseñor Marcos Sergio Godoy,220403
res_city_district_220404,l10n_ve_pad.res_city_2204,San Rafael,220404
res_city_district_220405,l10n_ve_pad.res_city_2204,Las Parcelas,220405
res_city_district_220406,l10n_ve_pad.res_city_2204,Tamare,220406
res_city_district_220407,l10n_ve_pad.res_city_2204,La Sierrita,220407
res_city_district_220501,l10n_ve_pad.res_city_2205,Bolívar,220501
res_city_district_220502,l10n_ve_pad.res_city_2205,Coquivacoa,220502
res_city_district_220503,l10n_ve_pad.res_city_2205,Cristo De Aranza,220503
res_city_district_220504,l10n_ve_pad.res_city_2205,Chiquinquirá,220504
res_city_district_220505,l10n_ve_pad.res_city_2205,Santa Lucía,220505
res_city_district_220506,l10n_ve_pad.res_city_2205,Olegario Villalobos,220506
res_city_district_220507,l10n_ve_pad.res_city_2205,Juana De Avila,220507
res_city_district_220508,l10n_ve_pad.res_city_2205,Caracciolo Parra Pérez,220508
res_city_district_220509,l10n_ve_pad.res_city_2205,Idelfonso Vásquez,220509
res_city_district_220510,l10n_ve_pad.res_city_2205,Cacique Mara,220510
res_city_district_220511,l10n_ve_pad.res_city_2205,Cecilio Acosta,220511
res_city_district_220512,l10n_ve_pad.res_city_2205,Raúl Leoni,220512
res_city_district_220513,l10n_ve_pad.res_city_2205,Francisco Eugenio Bustamante,220513
res_city_district_220514,l10n_ve_pad.res_city_2205,Manuel Dagnino,220514
res_city_district_220515,l10n_ve_pad.res_city_2205,Luis Hurtado Higuera,220515
res_city_district_220516,l10n_ve_pad.res_city_2205,Venancio Pulgar,220516
res_city_district_220517,l10n_ve_pad.res_city_2205,Antonio Borjas Romero,220517
res_city_district_220518,l10n_ve_pad.res_city_2205,San Isidro,220518
res_city_district_220601,l10n_ve_pad.res_city_2206,Faría,220601
res_city_district_220602,l10n_ve_pad.res_city_2206,San Antonio,220602
res_city_district_220603,l10n_ve_pad.res_city_2206,Ana María Campos,220603
res_city_district_220604,l10n_ve_pad.res_city_2206,San José,220604
res_city_district_220605,l10n_ve_pad.res_city_2206,Altagracia,220605
res_city_district_220701,l10n_ve_pad.res_city_2207,Guajira,220701
res_city_district_220702,l10n_ve_pad.res_city_2207,Elías Sánchez Rubio,220702
res_city_district_220703,l10n_ve_pad.res_city_2207,Sinamaica,220703
res_city_district_220704,l10n_ve_pad.res_city_2207,Alta Guajira,220704
res_city_district_220801,l10n_ve_pad.res_city_2208,San José De Perijá,220801
res_city_district_220802,l10n_ve_pad.res_city_2208,Bartolomé De Las Casas,220802
res_city_district_220803,l10n_ve_pad.res_city_2208,Libertad,220803
res_city_district_220804,l10n_ve_pad.res_city_2208,Río Negro,220804
res_city_district_220901,l10n_ve_pad.res_city_2209,Gibraltar,220901
res_city_district_220902,l10n_ve_pad.res_city_2209,Heras,220902
res_city_district_220903,l10n_ve_pad.res_city_2209,Monseñor Arturo Celestino Alvarez,220903
res_city_district_220904,l10n_ve_pad.res_city_2209,Rómulo Gallegos,220904
res_city_district_220905,l10n_ve_pad.res_city_2209,Bobures,220905
res_city_district_220906,l10n_ve_pad.res_city_2209,El Batey,220906
res_city_district_221001,l10n_ve_pad.res_city_2210,Andrés Bello,221001
res_city_district_221002,l10n_ve_pad.res_city_2210,Potreritos,221002
res_city_district_221003,l10n_ve_pad.res_city_2210,El Carmelo,221003
res_city_district_221004,l10n_ve_pad.res_city_2210,Chiquinquirá,221004
res_city_district_221005,l10n_ve_pad.res_city_2210,Concepción,221005
res_city_district_221101,l10n_ve_pad.res_city_2211,Eleazar López Contreras,221101
res_city_district_221102,l10n_ve_pad.res_city_2211,Alonso De Ojeda,221102
res_city_district_221103,l10n_ve_pad.res_city_2211,Venezuela,221103
res_city_district_221104,l10n_ve_pad.res_city_2211,Campo Lara,221104
res_city_district_221105,l10n_ve_pad.res_city_2211,Libertad,221105
res_city_district_221201,l10n_ve_pad.res_city_2212,Udón Pérez,221201
res_city_district_221202,l10n_ve_pad.res_city_2212,Encontrados,221202
res_city_district_221301,l10n_ve_pad.res_city_2213,Donaldo García,221301
res_city_district_221302,l10n_ve_pad.res_city_2213,Sixto Zambrano,221302
res_city_district_221303,l10n_ve_pad.res_city_2213,El Rosario,221303
res_city_district_221401,l10n_ve_pad.res_city_2214,Ambrosio,221401
res_city_district_221402,l10n_ve_pad.res_city_2214,Germán Ríos Linares,221402
res_city_district_221403,l10n_ve_pad.res_city_2214,Jorge Hernández,221403
res_city_district_221404,l10n_ve_pad.res_city_2214,La Rosa,221404
res_city_district_221405,l10n_ve_pad.res_city_2214,Punta Gorda,221405
res_city_district_221406,l10n_ve_pad.res_city_2214,Carmen Herrera,221406
res_city_district_221407,l10n_ve_pad.res_city_2214,San Benito,221407
res_city_district_221408,l10n_ve_pad.res_city_2214,Rómulo Betancourt,221408
res_city_district_221409,l10n_ve_pad.res_city_2214,Arístides Calvani,221409
res_city_district_221501,l10n_ve_pad.res_city_2215,Raúl Cuenca,221501
res_city_district_221502,l10n_ve_pad.res_city_2215,La Victoria,221502
res_city_district_221503,l10n_ve_pad.res_city_2215,Rafael Urdaneta,221503
res_city_district_221601,l10n_ve_pad.res_city_2216,José Ramón Yepes,221601
res_city_district_221602,l10n_ve_pad.res_city_2216,La Concepción,221602
res_city_district_221603,l10n_ve_pad.res_city_2216,San José,221603
res_city_district_221604,l10n_ve_pad.res_city_2216,Mariano Parra León,221604
res_city_district_221701,l10n_ve_pad.res_city_2217,Monagas,221701
res_city_district_221702,l10n_ve_pad.res_city_2217,Isla De Toas,221702
res_city_district_221801,l10n_ve_pad.res_city_2218,Marcial Hernández,221801
res_city_district_221802,l10n_ve_pad.res_city_2218,Francisco Ochoa,221802
res_city_district_221803,l10n_ve_pad.res_city_2218,San Francisco,221803
res_city_district_221804,l10n_ve_pad.res_city_2218,El Bajo,221804
res_city_district_221805,l10n_ve_pad.res_city_2218,Domitila Flores,221805
res_city_district_221806,l10n_ve_pad.res_city_2218,Los Cortijos,221806
res_city_district_221901,l10n_ve_pad.res_city_2219,Barí,221901
res_city_district_221902,l10n_ve_pad.res_city_2219,Jesús María Semprún,221902
res_city_district_222001,l10n_ve_pad.res_city_2220,Simón Rodríguez,222001
res_city_district_222002,l10n_ve_pad.res_city_2220,Carlos Quevedo,222002
res_city_district_222003,l10n_ve_pad.res_city_2220,Francisco Javier Pulgar,222003
res_city_district_222101,l10n_ve_pad.res_city_2221,Rafael María Baralt,222101
res_city_district_222102,l10n_ve_pad.res_city_2221,Manuel Manrique,222102
res_city_district_222103,l10n_ve_pad.res_city_2221,Rafael Urdaneta,222103
res_city_district_230101,l10n_ve_pad.res_city_2301,San José,230101
res_city_district_230102,l10n_ve_pad.res_city_2301,Virgen Del Valle,230102
res_city_district_230103,l10n_ve_pad.res_city_2301,San Rafael,230103
res_city_district_230104,l10n_ve_pad.res_city_2301,José Vidal Marcano,230104
res_city_district_230105,l10n_ve_pad.res_city_2301,Leonardo Ruíz Pineda,230105
res_city_district_230106,l10n_ve_pad.res_city_2301,Monseñor Argimiro García,230106
res_city_district_230107,l10n_ve_pad.res_city_2301,Mariscal Antonio José De Sucre,230107
res_city_district_230108,l10n_ve_pad.res_city_2301,Juan Millán,230108
res_city_district_230201,l10n_ve_pad.res_city_2302,Pedernales,230201
res_city_district_230202,l10n_ve_pad.res_city_2302,Luis Beltrán Prieto Figueroa,230202
res_city_district_230301,l10n_ve_pad.res_city_2303,Curiapo,230301
res_city_district_230302,l10n_ve_pad.res_city_2303,Santos De Abelgas,230302
res_city_district_230303,l10n_ve_pad.res_city_2303,Manuel Renaud,230303
res_city_district_230304,l10n_ve_pad.res_city_2303,Padre Barral,230304
res_city_district_230305,l10n_ve_pad.res_city_2303,Francisco Aniceto Lugo,230305
res_city_district_230306,l10n_ve_pad.res_city_2303,Almirante Luis Brión,230306
res_city_district_230401,l10n_ve_pad.res_city_2304,Imataca,230401
res_city_district_230402,l10n_ve_pad.res_city_2304,Rómulo Gallegos,230402
res_city_district_230403,l10n_ve_pad.res_city_2304,Juan Bautista Arismendi,230403
res_city_district_230404,l10n_ve_pad.res_city_2304,Manuel Piar,230404
res_city_district_230405,l10n_ve_pad.res_city_2304,Cinco De Julio,230405
res_city_district_240101,l10n_ve_pad.res_city_2401,Caraballeda,240101
res_city_district_240102,l10n_ve_pad.res_city_2401,Carayaca,240102
res_city_district_240103,l10n_ve_pad.res_city_2401,Caruao,240103
res_city_district_240104,l10n_ve_pad.res_city_2401,Catia La Mar,240104
res_city_district_240105,l10n_ve_pad.res_city_2401,La Guaira,240105
res_city_district_240106,l10n_ve_pad.res_city_2401,Macuto,240106
res_city_district_240107,l10n_ve_pad.res_city_2401,Maiquetía,240107
res_city_district_240108,l10n_ve_pad.res_city_2401,Naiguatá,240108
res_city_district_240109,l10n_ve_pad.res_city_2401,El Junko,240109
res_city_district_240110,l10n_ve_pad.res_city_2401,Urimare,240110
res_city_district_240111,l10n_ve_pad.res_city_2401,Carlos Soublette,240111
